name;type;setid;sres;nres;stime;etime
3;1;0;0;1;0.000000;40.511590
4;0;0;0;1;0.000000;35.595951
7;0;0;1;1;0.000000;57.516399
6;1;0;0;1;40.511590;53.750332
9;1;0;0;1;53.750332;65.627120
2;1;0;0;1;65.627120;71.633615
1;0;0;2;1;0.000000;28.019301
8;1;0;0;1;71.633615;76.167837
10;0;0;3;1;0.000000;19.940772
5;0;0;3;1;19.940772;39.359283
