name;type;sres;nres;stime;etime
1;1;0;1;0.0;3.91150534249073
5;1;0;1;3.91150534249073;7.41404386959546
9;1;0;1;7.41404386959546;21.57008519898786
2;1;0;1;21.57008519898786;36.53201494356356
4;1;0;1;36.53201494356356;57.54144473881336
7;1;0;1;57.54144473881336;83.17010925805846
8;0;0;1;0.0;37.9701187139645
8;0;3;1;0.0;37.9701187139645
3;0;1;2;0.0;36.6268389908688
6;0;1;2;36.6268389908688;90.7398461235607
10;0;0;1;37.9701187139645;53.530883056045305
