name;type;setid;sres;nres;stime;etime
2;1;0;0;1;0.000000;3.491181
7;1;0;0;1;3.491181;7.773126
5;0;0;0;4;0.000000;11.161173
9;1;0;0;1;7.773126;18.081113
3;1;0;0;1;18.081113;28.578354
10;1;0;0;1;28.578354;40.378366
1;0;0;0;4;11.161173;33.059462
4;0;0;0;4;33.059462;55.762282
8;1;0;0;1;40.378366;62.065302
6;0;0;0;4;55.762282;97.335670
