name;type;setid;sres;nres;stime;etime
9;1;0;0;1;0.000000;59.534225
8;0;0;0;1;0.000000;91.548294
7;0;0;1;1;0.000000;75.196530
5;1;0;0;1;59.534225;77.375388
4;0;0;2;1;0.000000;34.963746
3;0;0;3;1;0.000000;36.436565
6;0;0;2;1;34.963746;68.402246
1;1;0;0;1;77.375388;84.644857
10;0;0;3;1;36.436565;53.019567
2;0;0;3;1;53.019567;63.824689
