name;type;setid;sres;nres;stime;etime
2;1;0;0;1;0.000000;3.491181
7;1;0;0;1;3.491181;7.773126
5;1;0;0;1;7.773126;14.940607
9;1;0;0;1;14.940607;25.248594
3;1;0;0;1;25.248594;35.745834
10;1;0;0;1;35.745834;47.545847
1;0;0;0;1;0.000000;51.966572
4;1;0;0;1;47.545847;63.680725
8;1;0;0;1;63.680725;85.367661
6;0;0;1;1;0.000000;74.703475
