name;type;setid;sres;nres;stime;etime
8;1;0;0;1;0.000000;30.500451
6;1;0;0;1;30.500451;60.851628
5;1;0;0;1;60.851628;81.834197
10;0;0;0;1;0.000000;59.498537
9;0;0;1;1;0.000000;52.121666
2;0;0;2;1;0.000000;73.213663
3;0;0;3;1;0.000000;61.599370
4;0;0;4;1;0.000000;25.124673
7;0;0;5;1;0.000000;21.624308
1;0;0;6;1;0.000000;26.639403
