name;type;setid;sres;nres;stime;etime
10;1;0;0;1;0.000000;2.103756
2;1;0;0;1;2.103756;4.270592
1;1;0;0;1;4.270592;9.947753
6;0;0;0;16;0.000000;15.112212
3;1;0;0;1;9.947753;21.379472
4;0;0;0;16;15.112212;29.781182
5;1;0;0;1;21.379472;33.540481
7;1;0;0;1;33.540481;45.795908
8;0;0;0;16;29.781182;45.757027
9;0;0;0;16;45.757027;73.294481
