name;type;setid;sres;nres;stime;etime
3;1;0;0;1;0.000000;2.455519
4;1;0;0;1;2.455519;6.342441
1;1;0;0;1;6.342441;10.482435
9;1;0;0;1;10.482435;16.088029
2;1;0;0;1;16.088029;21.873361
5;1;0;0;1;21.873361;28.223071
6;1;0;0;1;28.223071;38.044640
7;0;0;0;1;0.000000;40.605612
10;0;0;1;1;0.000000;51.319330
8;1;0;0;1;38.044640;75.828044
