name;type;setid;sres;nres;stime;etime
2;0;2;0;4;0.000000;37.945901
6;0;2;4;3;0.000000;41.001617
9;0;2;7;3;0.000000;39.041867
7;0;3;10;1;0.000000;21.217010
10;1;6;0;1;0.000000;8.775957
5;1;6;0;1;8.775957;15.920458
3;1;6;0;1;15.920458;19.852172
1;1;6;0;1;19.852172;23.700087
8;1;6;0;1;23.700087;25.466071
4;1;6;0;1;25.466071;26.441952
