name;type;setid;sres;nres;stime;etime
5;1;0;0;1;0.000000;0.387425
8;1;0;0;1;0.387425;1.891713
10;1;0;0;1;1.891713;4.422707
1;0;0;0;16;0.000000;5.340544
9;1;0;0;1;4.422707;7.644424
2;1;0;0;1;7.644424;11.885941
7;0;0;0;16;5.340544;12.761433
6;1;0;0;1;11.885941;20.736847
4;0;0;0;16;12.761433;29.038450
3;1;0;0;1;20.736847;45.756982
