name;type;setid;sres;nres;stime;etime
6;0;2;0;1;0.000000;94.912746
8;0;2;1;1;0.000000;85.010393
10;0;3;2;1;0.000000;59.498537
5;1;6;0;1;0.000000;26.013384
2;1;6;0;1;26.013384;34.858682
9;1;6;0;1;34.858682;40.946209
7;1;6;0;1;40.946209;46.768980
4;1;6;0;1;46.768980;51.721972
3;1;6;0;1;51.721972;56.415690
1;1;6;0;1;56.415690;58.182765
