name;type;setid;sres;nres;stime;etime
9;1;0;0;1;0.000000;39.876279
8;1;0;0;1;39.876279;57.170345
7;1;0;0;1;57.170345;69.425773
5;1;0;0;1;69.425773;81.586782
4;0;0;0;1;0.000000;34.963746
3;0;0;1;1;0.000000;36.436565
6;0;0;2;1;0.000000;33.438499
1;0;0;3;1;0.000000;62.722027
2;0;0;4;1;0.000000;10.805122
10;0;0;5;1;0.000000;16.583002
