name;type;setid;sres;nres;stime;etime
2;0;2;0;1;0.000000;82.676476
6;0;2;1;1;0.000000;64.395465
9;0;2;2;1;0.000000;61.984893
5;1;6;0;1;0.000000;17.336446
10;1;6;0;1;17.336446;29.675363
3;1;6;0;1;29.675363;39.673884
1;1;6;0;1;39.673884;45.296229
7;1;6;0;1;45.296229;48.112184
8;1;6;0;1;48.112184;50.809381
4;1;6;0;1;50.809381;52.598098
