name;type;setid;sres;nres;stime;etime
3;1;0;0;1;0.000000;25.020135
4;0;0;0;1;0.000000;35.595951
6;1;0;0;1;25.020135;33.871041
7;1;0;0;1;33.871041;43.871339
2;1;0;0;1;43.871339;48.112855
9;1;0;0;1;48.112855;51.334573
1;0;0;1;1;0.000000;28.019301
10;0;0;2;1;0.000000;19.940772
8;1;0;0;1;51.334573;52.838860
5;0;0;3;1;0.000000;19.418512
