name;type;setid;sres;nres;stime;etime
5;1;0;0;1;0.000000;1.442947
6;1;0;0;1;1.442947;7.958583
7;1;0;0;1;7.958583;15.609482
3;0;0;0;16;0.000000;10.315372
10;0;0;0;16;10.315372;11.741756
2;0;0;0;16;11.741756;30.709546
1;1;0;0;1;15.609482;43.566802
9;0;0;0;16;30.709546;37.786385
8;0;0;0;16;37.786385;47.353008
4;0;0;0;16;47.353008;64.632836
