name;type;setid;sres;nres;stime;etime
5;1;0;0;1;0.000000;3.591522
6;1;0;0;1;3.591522;14.993772
7;1;0;0;1;14.993772;29.120635
3;0;0;0;1;0.000000;33.791686
10;0;0;1;1;0.000000;15.802912
2;1;0;0;1;29.120635;58.722228
1;0;0;2;1;0.000000;64.564147
9;0;0;3;1;0.000000;55.868368
8;1;0;0;1;58.722228;90.378324
4;0;0;1;1;15.802912;60.011364
