name;type;setid;sres;nres;stime;etime
3;1;0;0;1;0.000000;4.693718
1;1;0;0;1;4.693718;6.460793
9;1;0;0;1;6.460793;12.548320
2;1;0;0;1;12.548320;21.393618
5;1;0;0;1;21.393618;47.407002
4;0;0;0;4;0.000000;6.987606
8;0;0;0;4;6.987606;48.234530
7;1;0;0;1;47.407002;53.229773
10;0;0;0;4;48.234530;66.750494
6;0;0;0;4;66.750494;103.187353
