name;type;setid;sres;nres;stime;etime
2;1;0;0;1;0.000000;40.158341
9;0;0;0;1;0.000000;61.984893
6;1;0;0;1;40.158341;62.091785
5;0;0;1;1;0.000000;64.189061
10;0;0;2;1;0.000000;66.788135
3;0;0;3;1;0.000000;44.644812
1;1;0;0;1;62.091785;67.714130
7;0;0;3;1;44.644812;65.861822
8;1;0;0;1;67.714130;70.411327
4;1;0;0;1;70.411327;72.200044
