name;type;setid;sres;nres;stime;etime
10;0;1;0;1;0.000000;15.560764
3;0;2;1;2;0.000000;36.626839
2;0;2;3;1;0.000000;43.491151
4;0;2;4;3;0.000000;37.066793
6;0;2;7;3;0.000000;41.865652
8;0;2;10;2;0.000000;37.970119
5;0;3;12;1;0.000000;28.151374
7;1;5;0;1;0.000000;17.162425
9;1;6;0;1;17.162425;28.397542
1;1;6;0;1;28.397542;30.298674
