name;type;setid;sres;nres;stime;etime
1;1;0;0;1;0.000000;27.957320
4;0;0;0;1;0.000000;44.208453
2;1;0;0;1;27.957320;44.446228
8;1;0;0;1;44.446228;57.397893
7;1;0;0;1;57.397893;65.048793
3;0;0;1;1;0.000000;33.791686
9;0;0;2;1;0.000000;55.868368
6;1;0;0;1;65.048793;71.564429
5;1;0;0;1;71.564429;73.007375
10;0;0;3;1;0.000000;15.802912
