name;type;setid;sres;nres;stime;etime
4;0;1;0;1;0.000000;35.595951
3;0;2;1;2;0.000000;55.222766
7;0;2;3;1;0.000000;57.516399
6;1;6;0;1;0.000000;13.238742
9;1;6;0;1;13.238742;25.115530
2;1;6;0;1;25.115530;31.122026
1;1;6;0;1;31.122026;35.942734
8;1;6;0;1;35.942734;40.476955
10;1;6;0;1;40.476955;43.978653
5;1;6;0;1;43.978653;44.768181
