name;type;setid;sres;nres;stime;etime
1;1;0;0;1;0.000000;7.269468
10;1;0;0;1;7.269468;10.140737
2;0;0;0;1;0.000000;10.805122
6;1;0;0;1;10.140737;19.105691
5;1;0;0;1;19.105691;36.946854
7;1;0;0;1;36.946854;54.832648
3;0;0;1;1;0.000000;36.436565
4;0;0;2;1;0.000000;34.963746
8;1;0;0;1;54.832648;88.488352
9;0;0;3;1;0.000000;95.413620
