name;type;setid;sres;nres;stime;etime
1;1;0;0;1;0.000000;2.107651
4;1;0;0;1;2.107651;4.121538
2;1;0;0;1;4.121538;6.126177
3;1;0;0;1;6.126177;11.515454
10;1;0;0;1;11.515454;42.065396
9;1;0;0;1;42.065396;62.224465
8;0;0;0;1;0.000000;43.238419
5;0;0;1;1;0.000000;49.935123
6;0;0;2;1;0.000000;22.066854
7;0;0;3;1;0.000000;45.159201
