name;type;setid;sres;nres;stime;etime
1;0;0;0;4;0.000000;31.722934
2;1;0;0;1;0.000000;29.601593
8;0;0;0;4;31.722934;55.105406
4;1;0;0;1;29.601593;60.515719
9;0;0;0;4;55.105406;71.940551
7;1;0;0;1;60.515719;74.642582
6;1;0;0;1;74.642582;86.044832
3;0;0;0;4;71.940551;86.951186
5;1;0;0;1;86.044832;89.636354
10;0;0;0;4;86.951186;91.252875
