name;type;setid;sres;nres;stime;etime
4;1;0;0;1;0.000000;0.564493
1;1;0;0;1;0.564493;1.407535
2;1;0;0;1;1.407535;2.768444
3;1;0;0;1;2.768444;5.999794
6;1;0;0;1;5.999794;13.581077
7;1;0;0;1;13.581077;23.918340
9;1;0;0;1;23.918340;34.288289
5;0;0;0;1;0.000000;49.935123
8;0;0;1;1;0.000000;43.238419
10;1;0;0;1;34.288289;57.802504
