name;type;setid;sres;nres;stime;etime
5;1;0;0;1;0.000000;0.789527
2;1;0;0;1;0.789527;6.796023
8;1;0;0;1;6.796023;11.330244
10;1;0;0;1;11.330244;14.831942
6;1;0;0;1;14.831942;28.070684
9;1;0;0;1;28.070684;39.947473
1;0;0;0;1;0.000000;28.019301
3;1;0;0;1;39.947473;80.459062
4;0;0;1;1;0.000000;35.595951
7;0;0;2;1;0.000000;57.516399
