name;type;setid;sres;nres;stime;etime
6;0;0;0;16;0.000000;21.963701
7;1;0;0;1;0.000000;17.162425
3;1;0;0;1;17.162425;30.224587
9;1;0;0;1;30.224587;41.459704
4;0;0;0;16;21.963701;36.820032
2;0;0;0;16;36.820032;49.684563
8;1;0;0;1;41.459704;51.573626
10;0;0;0;16;49.684563;55.376838
1;1;0;0;1;51.573626;53.474758
5;1;0;0;1;53.474758;55.352602
