name;type;setid;sres;nres;stime;etime
5;1;0;0;1;0.000000;1.442947
6;1;0;0;1;1.442947;7.958583
7;1;0;0;1;7.958583;15.609482
3;1;0;0;1;15.609482;23.148446
10;0;0;0;1;0.000000;15.802912
2;1;0;0;1;23.148446;39.637354
1;0;0;1;1;0.000000;64.564147
9;1;0;0;1;39.637354;48.420648
8;1;0;0;1;48.420648;61.372313
4;0;0;2;1;0.000000;44.208453
