name;type;setid;sres;nres;stime;etime
3;0;0;0;16;0.000000;22.588719
4;1;0;0;1;0.000000;18.129589
6;1;0;0;1;18.129589;26.980495
7;0;0;0;16;22.588719;30.009608
2;1;0;0;1;26.980495;31.222012
9;1;0;0;1;31.222012;34.443729
1;0;0;0;16;30.009608;35.350152
10;1;0;0;1;34.443729;36.974723
8;1;0;0;1;36.974723;38.479011
5;0;0;0;16;35.350152;38.487518
