name;type;setid;sres;nres;stime;etime
1;1;0;0;1;0.000000;7.269468
10;0;0;0;4;0.000000;8.014087
2;1;0;0;1;7.269468;9.853144
6;1;0;0;1;9.853144;18.818098
5;1;0;0;1;18.818098;36.659261
7;0;0;0;4;8.014087;41.298940
3;1;0;0;1;36.659261;50.221136
4;0;0;0;4;41.298940;60.026865
8;1;0;0;1;50.221136;83.876840
9;0;0;0;4;60.026865;101.139553
