name;type;setid;sres;nres;stime;etime
5;1;0;0;1;0.000000;1.877844
1;1;0;0;1;1.877844;3.778976
10;0;0;0;16;0.000000;5.692275
8;1;0;0;1;3.778976;13.892898
2;0;0;0;16;5.692275;18.556806
4;1;0;0;1;13.892898;24.216883
9;1;0;0;1;24.216883;35.452000
3;0;0;0;16;18.556806;33.369927
7;1;0;0;1;35.452000;52.614426
6;0;0;0;16;33.369927;55.333627
