name;type;setid;sres;nres;stime;etime
8;0;0;0;16;0.000000;30.306057
6;1;0;0;1;0.000000;30.351177
5;1;0;0;1;30.351177;51.333746
10;0;0;0;16;30.306057;38.576378
9;1;0;0;1;51.333746;55.900667
2;0;0;0;16;38.576378;49.357780
3;1;0;0;1;55.900667;59.863358
4;0;0;0;16;49.357780;51.811119
7;0;0;0;16;51.811119;53.268204
1;1;0;0;1;59.863358;61.106065
