name;type;setid;sres;nres;stime;etime
1;1;0;0;1;0.000000;0.843042
4;1;0;0;1;0.843042;1.407535
2;1;0;0;1;1.407535;2.768444
3;1;0;0;1;2.768444;5.999794
10;1;0;0;1;5.999794;29.514010
9;0;0;0;16;0.000000;12.269760
8;0;0;0;16;12.269760;33.226989
5;1;0;0;1;29.514010;47.780758
6;0;0;0;16;33.226989;38.556056
7;0;0;0;16;38.556056;45.625062
