name;type;setid;sres;nres;stime;etime
3;0;0;0;4;0.000000;36.574739
4;1;0;0;1;0.000000;22.433133
7;1;0;0;1;22.433133;45.935047
6;1;0;0;1;45.935047;59.173789
9;0;0;0;4;36.574739;61.117818
2;1;0;0;1;59.173789;65.180284
1;1;0;0;1;65.180284;70.000992
8;1;0;0;1;70.000992;74.535214
10;0;0;0;4;61.117818;70.573630
5;1;0;0;1;74.535214;75.324741
