name;type;setid;sres;nres;stime;etime
2;0;1;0;1;0.000000;43.491151
6;0;2;1;1;0.000000;90.855072
3;0;3;2;1;0.000000;61.556803
8;0;3;3;1;0.000000;69.471801
10;0;0;0;1;43.491151;59.051915
7;1;6;0;1;0.000000;25.628665
4;1;6;0;1;25.628665;46.638094
9;1;6;0;1;46.638094;60.794136
1;1;6;0;1;60.794136;64.705641
5;1;6;0;1;64.705641;68.208180
