name;type;sres;nres;stime;etime
5;1;0;1;0.0;3.59152191420509
10;1;0;1;3.59152191420509;6.85811494128187
6;1;0;1;6.85811494128187;18.26036506023067
3;1;0;1;18.26036506023067;29.230849339980768
7;1;0;1;29.230849339980768;43.357712512569364
2;1;0;1;43.357712512569364;72.95930503759917
9;0;0;1;0.0;29.8462190353802
9;0;3;1;0.0;29.8462190353802
8;0;1;2;0.0;41.8036038377657
1;0;0;1;29.8462190353802;72.5162240493884
1;0;3;1;29.8462190353802;72.5162240493884
4;0;2;1;41.8036038377657;86.01205657891549
