name;type;setid;sres;nres;stime;etime
6;0;0;0;4;0.000000;41.573388
8;1;0;0;1;0.000000;21.686936
4;1;0;0;1;21.686936;37.821814
1;1;0;0;1;37.821814;50.007587
10;1;0;0;1;50.007587;61.807600
3;0;0;0;4;41.573388;68.941544
9;1;0;0;1;61.807600;72.115587
5;1;0;0;1;72.115587;79.283068
7;0;0;0;4;68.941544;83.317494
2;1;0;0;1;79.283068;82.774248
