name;type;setid;sres;nres;stime;etime
10;1;0;0;1;0.000000;30.549942
8;0;0;0;4;0.000000;25.413467
5;0;0;0;4;25.413467;47.790444
9;1;0;0;1;30.549942;50.709010
7;0;0;0;4;47.790444;62.477489
6;1;0;0;1;50.709010;63.052624
3;1;0;0;1;63.052624;68.441900
1;1;0;0;1;68.441900;70.549551
4;0;0;0;4;62.477489;70.061284
2;1;0;0;1;70.549551;72.554191
