name;type;setid;sres;nres;stime;etime
3;1;0;0;1;0.000000;2.455519
4;0;0;0;4;0.000000;5.871393
1;1;0;0;1;2.455519;6.595513
9;1;0;0;1;6.595513;12.201106
2;1;0;0;1;12.201106;17.986439
5;1;0;0;1;17.986439;24.336148
6;1;0;0;1;24.336148;34.157717
7;0;0;0;4;5.871393;23.607053
10;0;0;0;4;23.607053;42.586255
8;1;0;0;1;34.157717;71.941122
