name;type;setid;sres;nres;stime;etime
1;1;0;0;1;0.000000;2.107651
4;1;0;0;1;2.107651;4.121538
2;0;0;0;4;0.000000;5.332088
3;1;0;0;1;4.121538;9.510815
10;1;0;0;1;9.510815;40.060757
9;0;0;0;4;5.332088;29.184369
8;0;0;0;4;29.184369;54.597836
5;1;0;0;1;40.060757;66.453408
6;0;0;0;4;54.597836;63.274460
7;0;0;0;4;63.274460;77.961506
