name;type;setid;sres;nres;stime;etime
6;1;0;0;1;0.000000;0.678416
5;1;0;0;1;0.678416;2.786752
4;1;0;0;1;2.786752;5.883817
1;0;0;0;16;0.000000;8.295883
9;1;0;0;1;5.883817;12.145588
2;1;0;0;1;12.145588;19.279320
3;1;0;0;1;19.279320;27.246400
7;0;0;0;16;8.295883;28.469215
8;1;0;0;1;27.246400;47.289698
10;0;0;0;16;28.469215;58.269697
