name;type;setid;sres;nres;stime;etime
5;1;0;0;1;0.000000;0.789527
10;1;0;0;1;0.789527;4.291225
8;1;0;0;1;4.291225;8.825447
1;0;0;0;4;0.000000;9.876295
2;1;0;0;1;8.825447;14.831942
9;1;0;0;1;14.831942;26.708731
6;1;0;0;1;26.708731;39.947473
7;0;0;0;4;9.876295;27.316286
4;0;0;0;4;27.316286;47.457090
3;1;0;0;1;39.947473;80.459062
