name;type;setid;sres;nres;stime;etime
10;0;2;0;3;0.000000;40.437308
3;0;2;3;2;0.000000;32.530360
2;0;2;5;1;0.000000;33.895780
6;0;2;6;1;0.000000;28.151374
8;0;2;7;5;0.000000;37.762826
7;1;6;0;1;0.000000;9.633436
9;1;6;0;1;9.633436;15.895206
1;1;6;0;1;15.895206;22.064975
4;1;6;0;1;22.064975;25.162040
5;1;6;0;1;25.162040;27.270377
