name;type;setid;sres;nres;stime;etime
1;1;0;0;1;0.000000;1.767075
3;1;0;0;1;1.767075;6.460793
4;1;0;0;1;6.460793;11.413785
7;1;0;0;1;11.413785;17.236556
9;1;0;0;1;17.236556;23.324083
2;1;0;0;1;23.324083;32.169381
10;1;0;0;1;32.169381;56.144205
5;1;0;0;1;56.144205;82.157589
6;0;0;0;1;0.000000;94.912746
8;0;0;1;1;0.000000;85.010393
