name;type;setid;sres;nres;stime;etime
8;1;0;0;1;0.000000;37.783405
10;0;0;0;4;0.000000;18.979202
7;0;0;0;4;18.979202;36.714862
6;1;0;0;1;37.783405;47.604974
5;1;0;0;1;47.604974;53.954683
2;0;0;0;4;36.714862;49.818008
9;1;0;0;1;53.954683;59.560277
1;1;0;0;1;59.560277;63.700271
4;0;0;0;4;49.818008;55.689402
3;0;0;0;4;55.689402;65.084387
