name;type;setid;sres;nres;stime;etime
2;1;0;0;1;0.000000;28.323692
9;1;0;0;1;28.323692;54.977484
6;0;0;0;1;0.000000;64.395465
10;1;0;0;1;54.977484;63.753441
5;0;0;1;1;0.000000;64.189061
3;0;0;2;1;0.000000;44.644812
1;0;0;3;1;0.000000;25.123737
8;0;0;4;1;0.000000;36.514083
7;0;0;5;1;0.000000;21.217010
4;0;0;6;1;0.000000;39.496089
