name;type;setid;sres;nres;stime;etime
8;1;0;0;1;0.000000;41.511497
6;1;0;0;1;41.511497;92.199338
5;0;0;0;1;0.000000;94.945540
10;0;0;1;1;0.000000;59.498537
2;0;0;2;1;0.000000;73.213663
9;0;0;3;1;0.000000;52.121666
7;0;0;3;1;52.121666;73.745974
4;0;0;1;1;59.498537;84.623210
3;1;0;0;1;92.199338;96.893055
1;1;0;0;1;96.893055;98.660130
