name;type;setid;sres;nres;stime;etime
8;1;0;0;1;0.000000;24.810604
10;1;0;0;1;24.810604;37.191375
7;0;0;0;1;0.000000;40.605612
5;0;0;1;1;0.000000;31.937445
6;1;0;0;1;37.191375;42.430710
9;0;0;2;1;0.000000;24.926994
2;1;0;0;1;42.430710;44.607266
4;0;0;3;1;0.000000;16.277381
1;1;0;0;1;44.607266;46.490336
3;0;0;4;1;0.000000;20.412800
