name;type;setid;sres;nres;stime;etime
10;1;0;0;1;0.000000;1.083159
5;1;0;0;1;1.083159;2.526106
6;1;0;0;1;2.526106;9.041742
9;0;0;0;16;0.000000;7.076839
3;1;0;0;1;9.041742;16.580705
7;1;0;0;1;16.580705;24.231605
8;0;0;0;16;7.076839;16.643462
2;0;0;0;16;16.643462;35.611252
4;1;0;0;1;24.231605;47.800004
1;0;0;0;16;35.611252;59.123883
