name;type;setid;sres;nres;stime;etime
5;1;0;0;1;0.000000;0.789527
2;1;0;0;1;0.789527;6.796023
8;1;0;0;1;6.796023;11.330244
10;0;0;0;4;0.000000;9.455812
6;1;0;0;1;11.330244;24.568986
9;0;0;0;4;9.455812;33.998891
1;1;0;0;1;24.568986;29.389694
3;1;0;0;1;29.389694;69.901284
4;0;0;0;4;33.998891;54.139695
7;0;0;0;4;54.139695;71.579686
