name;type;setid;sres;nres;stime;etime
3;1;0;0;1;0.000000;1.735601
1;1;0;0;1;1.735601;3.618672
4;0;0;0;16;0.000000;3.269896
2;1;0;0;1;3.618672;5.795227
9;1;0;0;1;5.795227;10.182234
6;1;0;0;1;10.182234;15.421570
5;0;0;0;16;3.269896;19.802880
7;1;0;0;1;15.421570;26.288730
10;0;0;0;16;19.802880;30.697049
8;1;0;0;1;26.288730;51.099334
