name;type;setid;sres;nres;stime;etime
7;1;0;0;1;0.000000;2.658439
5;0;0;0;16;0.000000;4.217509
2;1;0;0;1;2.658439;5.562719
3;1;0;0;1;5.562719;10.824309
4;0;0;0;16;4.217509;15.428930
1;1;0;0;1;10.824309;18.827047
9;1;0;0;1;18.827047;27.326424
10;1;0;0;1;27.326424;36.976829
8;1;0;0;1;36.976829;55.133484
6;0;0;0;16;15.428930;48.719796
