name;type;setid;sres;nres;stime;etime
1;0;0;0;16;0.000000;23.512631
4;1;0;0;1;0.000000;23.568399
2;1;0;0;1;23.568399;40.057307
8;0;0;0;16;23.512631;33.079254
7;1;0;0;1;40.057307;47.708207
3;0;0;0;16;33.079254;43.394627
9;0;0;0;16;43.394627;50.471466
6;1;0;0;1;47.708207;54.223842
5;1;0;0;1;54.223842;55.666789
10;0;0;0;16;50.471466;51.897849
