name;type;setid;sres;nres;stime;etime
4;1;0;0;1;0.000000;1.788717
8;1;0;0;1;1.788717;4.485914
7;1;0;0;1;4.485914;7.301870
1;1;0;0;1;7.301870;12.924215
3;1;0;0;1;12.924215;22.922736
10;1;0;0;1;22.922736;35.261652
5;1;0;0;1;35.261652;52.598098
6;0;0;0;1;0.000000;64.395465
9;0;0;1;1;0.000000;61.984893
2;0;0;2;1;0.000000;82.676476
