name;type;setid;sres;nres;stime;etime
4;1;0;0;1;0.000000;0.975881
8;1;0;0;1;0.975881;2.741865
7;1;0;0;1;2.741865;4.466787
10;1;0;0;1;4.466787;13.242744
1;0;0;0;16;0.000000;7.600118
6;1;0;0;1;13.242744;31.386234
3;0;0;0;16;7.600118;12.722743
9;0;0;0;16;12.722743;42.444007
5;1;0;0;1;31.386234;38.530736
2;1;0;0;1;38.530736;66.854428
