name;type;setid;sres;nres;stime;etime
6;1;0;0;1;0.000000;52.192335
8;1;0;0;1;52.192335;73.879271
4;0;0;0;1;0.000000;68.668419
1;0;0;1;1;0.000000;51.966572
10;0;0;2;1;0.000000;68.004202
3;0;0;3;1;0.000000;81.969216
9;1;0;0;1;73.879271;84.187258
5;0;0;1;1;51.966572;90.902398
7;1;0;0;1;84.187258;88.469203
2;1;0;0;1;88.469203;91.960384
