name;type;sres;nres;stime;etime
5;1;0;1;0.0;0.789527408237187
8;1;0;1;0.789527408237187;5.323748967322967
1;1;0;1;5.323748967322967;10.144456905652905
10;1;0;1;10.144456905652905;13.646154925882696
2;1;0;1;13.646154925882696;19.652650230576295
9;1;0;1;19.652650230576295;31.529438608177998
6;1;0;1;31.529438608177998;44.7681806174257
3;0;0;4;0.0;36.5747391978703
7;0;0;2;36.5747391978703;67.3735327584103
4;0;2;1;36.5747391978703;72.1706903526984
