name;type;setid;sres;nres;stime;etime
10;0;2;0;2;0.000000;29.759244
7;0;2;2;2;0.000000;25.358977
8;0;2;4;5;0.000000;37.313749
5;1;6;0;1;0.000000;5.352315
6;1;6;0;1;5.352315;10.591651
9;1;6;0;1;10.591651;14.978658
2;1;6;0;1;14.978658;17.155213
4;1;6;0;1;17.155213;19.319918
1;1;6;0;1;19.319918;21.202988
3;1;6;0;1;21.202988;22.938590
