name;type;setid;sres;nres;stime;etime
1;1;0;0;1;0.000000;37.719650
2;1;0;0;1;37.719650;67.321243
8;0;0;0;1;0.000000;78.645867
4;0;0;1;1;0.000000;44.208453
9;0;0;2;1;0.000000;55.868368
7;1;0;0;1;67.321243;81.448106
6;1;0;0;1;81.448106;92.850356
3;0;0;3;1;0.000000;33.791686
5;1;0;0;1;92.850356;96.441878
10;0;0;3;1;33.791686;49.594598
