name;type;sres;nres;stime;etime
1;1;0;1;0.0;7.26946813212459
10;1;0;1;7.26946813212459;10.14073695330349
2;1;0;1;10.14073695330349;12.72441285670567
6;1;0;1;12.72441285670567;21.689367320878368
5;1;0;1;21.689367320878368;39.53053027090037
3;1;0;1;39.53053027090037;53.092404374256475
7;1;0;1;53.092404374256475;70.97819767156187
9;0;0;1;0.0;47.1461243611446
9;0;2;2;0.0;47.1461243611446
8;0;1;2;47.1461243611446;98.3891116887313
4;0;3;1;47.1461243611446;82.1098705740331
