name;type;setid;sres;nres;stime;etime
1;1;0;0;1;0.000000;4.139994
3;1;0;0;1;4.139994;6.595513
5;1;0;0;1;6.595513;12.945222
6;1;0;0;1;12.945222;22.766791
9;0;0;0;4;0.000000;13.333149
2;0;0;0;4;13.333149;26.436295
4;1;0;0;1;22.766791;26.653714
7;1;0;0;1;26.653714;42.690783
8;0;0;0;4;26.436295;67.510786
10;1;0;0;1;42.690783;64.259857
