name;type;setid;sres;nres;stime;etime
7;1;0;0;1;0.000000;2.658439
5;1;0;0;1;2.658439;5.366839
2;1;0;0;1;5.366839;8.271119
3;1;0;0;1;8.271119;13.532708
4;1;0;0;1;13.532708;21.500657
1;1;0;0;1;21.500657;29.503395
9;1;0;0;1;29.503395;38.002773
10;1;0;0;1;38.002773;47.653177
8;1;0;0;1;47.653177;65.809832
6;0;0;0;1;0.000000;74.703475
