name;type;setid;sres;nres;stime;etime
5;1;0;0;1;0.000000;3.502539
1;1;0;0;1;3.502539;7.414044
10;0;0;0;4;0.000000;7.665973
9;1;0;0;1;7.414044;21.570085
2;0;0;0;4;7.665973;26.655828
4;1;0;0;1;21.570085;42.579515
3;0;0;0;4;26.655828;50.817685
8;1;0;0;1;42.579515;64.174833
7;1;0;0;1;64.174833;89.803498
6;0;0;0;4;50.817685;86.559660
