name;type;setid;sres;nres;stime;etime
4;1;0;0;1;0.000000;0.975881
7;1;0;0;1;0.975881;2.700803
8;1;0;0;1;2.700803;4.466787
1;0;0;0;16;0.000000;7.600118
3;1;0;0;1;4.466787;8.398501
5;0;0;0;16;7.600118;15.492811
10;1;0;0;1;8.398501;17.174458
6;1;0;0;1;17.174458;35.317948
9;0;0;0;16;15.492811;45.214075
2;1;0;0;1;35.317948;63.641640
