name;type;setid;sres;nres;stime;etime
1;1;0;0;1;0.000000;1.242707
7;1;0;0;1;1.242707;2.787963
4;1;0;0;1;2.787963;4.526951
3;1;0;0;1;4.526951;8.489643
2;1;0;0;1;8.489643;12.588203
9;1;0;0;1;12.588203;17.155124
10;1;0;0;1;17.155124;27.863694
5;1;0;0;1;27.863694;48.846262
6;1;0;0;1;48.846262;79.197440
8;0;0;0;1;0.000000;85.010393
