name;type;setid;sres;nres;stime;etime
6;1;0;0;1;0.000000;37.974614
7;1;0;0;1;37.974614;63.603278
8;0;0;0;1;0.000000;69.471801
3;0;0;1;1;0.000000;61.556803
4;1;0;0;1;63.603278;84.612708
2;0;0;2;1;0.000000;43.491151
9;0;0;3;1;0.000000;66.620264
10;0;0;2;1;43.491151;59.051915
1;1;0;0;1;84.612708;88.524213
5;0;0;2;1;59.051915;87.203289
