name;type;setid;sres;nres;stime;etime
10;1;0;0;1;0.000000;1.083159
5;1;0;0;1;1.083159;2.526106
6;1;0;0;1;2.526106;9.041742
9;1;0;0;1;9.041742;17.825035
3;1;0;0;1;17.825035;25.363999
7;1;0;0;1;25.363999;33.014899
8;1;0;0;1;33.014899;45.966564
2;1;0;0;1;45.966564;62.455472
4;0;0;0;1;0.000000;44.208453
1;0;0;1;1;0.000000;64.564147
