name;type;setid;sres;nres;stime;etime
7;0;1;0;1;0.000000;21.624308
10;0;2;1;2;0.000000;32.176822
6;0;2;3;3;0.000000;42.934179
9;0;2;6;2;0.000000;34.755061
8;0;2;8;4;0.000000;41.246925
4;0;3;12;1;0.000000;25.124673
5;1;5;0;1;0.000000;20.982568
2;1;6;0;1;20.982568;25.081129
3;1;6;0;1;25.081129;29.043820
1;1;6;0;1;29.043820;30.286527
