name;type;setid;sres;nres;stime;etime
3;1;0;0;1;0.000000;1.735601
1;1;0;0;1;1.735601;3.618672
4;1;0;0;1;3.618672;5.783377
2;1;0;0;1;5.783377;7.959932
9;1;0;0;1;7.959932;12.346939
6;1;0;0;1;12.346939;17.586274
5;1;0;0;1;17.586274;22.938590
7;1;0;0;1;22.938590;33.805750
10;1;0;0;1;33.805750;46.186521
8;1;0;0;1;46.186521;70.997125
