name;type;setid;sres;nres;stime;etime
8;1;0;0;1;0.000000;24.810604
10;0;0;0;16;0.000000;10.894170
7;0;0;0;16;10.894170;22.912342
5;1;0;0;1;24.810604;30.162919
6;1;0;0;1;30.162919;35.402255
9;0;0;0;16;22.912342;33.347029
2;1;0;0;1;35.402255;37.578810
4;0;0;0;16;33.347029;36.616926
1;1;0;0;1;37.578810;39.461881
3;1;0;0;1;39.461881;41.197482
