name;type;setid;sres;nres;stime;etime
5;1;0;0;1;0.000000;3.591522
6;1;0;0;1;3.591522;14.993772
7;1;0;0;1;14.993772;29.120635
3;0;0;0;4;0.000000;15.010635
10;0;0;0;4;15.010635;19.312324
2;0;0;0;4;19.312324;53.364112
1;1;0;0;1;29.120635;66.840285
9;0;0;0;4;53.364112;70.199257
8;0;0;0;4;70.199257;93.581729
4;1;0;0;1;66.840285;97.754412
