name;type;setid;sres;nres;stime;etime
4;1;0;0;1;0.000000;3.097065
5;1;0;0;1;3.097065;5.205402
3;1;0;0;1;5.205402;13.172482
6;1;0;0;1;13.172482;13.850897
7;1;0;0;1;13.850897;23.484333
2;1;0;0;1;23.484333;30.618065
10;1;0;0;1;30.618065;51.141592
8;1;0;0;1;51.141592;71.184891
1;1;0;0;1;71.184891;77.354659
9;0;0;0;1;0.000000;69.471801
