name;type;setid;sres;nres;stime;etime
1;1;0;0;1;0.000000;1.883070
3;1;0;0;1;1.883070;3.618672
5;1;0;0;1;3.618672;8.970987
6;1;0;0;1;8.970987;14.210322
9;0;0;0;16;0.000000;10.434688
2;0;0;0;16;10.434688;15.364348
4;1;0;0;1;14.210322;16.375027
7;1;0;0;1;16.375027;27.242188
8;0;0;0;16;15.364348;42.336055
10;1;0;0;1;27.242188;39.622958
