name;type;setid;sres;nres;stime;etime
1;1;0;0;1;0.000000;3.911505
5;1;0;0;1;3.911505;7.414044
9;1;0;0;1;7.414044;21.570085
7;0;0;0;4;0.000000;40.933053
4;1;0;0;1;21.570085;42.579515
2;1;0;0;1;42.579515;57.541445
3;0;0;0;4;40.933053;65.094910
10;1;0;0;1;57.541445;64.372349
8;1;0;0;1;64.372349;85.967667
6;0;0;0;4;65.094910;100.836885
