name;type;setid;sres;nres;stime;etime
1;1;0;0;1;0.000000;0.843042
4;1;0;0;1;0.843042;1.407535
2;1;0;0;1;1.407535;2.768444
3;1;0;0;1;2.768444;5.999794
10;1;0;0;1;5.999794;29.514010
9;1;0;0;1;29.514010;39.883958
8;0;0;0;1;0.000000;43.238419
5;0;0;1;1;0.000000;49.935123
6;0;0;2;1;0.000000;22.066854
7;0;0;3;1;0.000000;45.159201
