name;type;setid;sres;nres;stime;etime
2;1;0;0;1;0.000000;2.583676
10;1;0;0;1;2.583676;5.454945
1;1;0;0;1;5.454945;12.724413
6;1;0;0;1;12.724413;21.689367
3;1;0;0;1;21.689367;35.251241
4;0;0;0;1;0.000000;34.963746
5;1;0;0;1;35.251241;53.092404
7;1;0;0;1;53.092404;70.978198
8;0;0;1;1;0.000000;91.548294
9;0;0;2;1;0.000000;95.413620
