name;type;setid;sres;nres;stime;etime
8;0;0;0;4;0.000000;41.246925
6;1;0;0;1;0.000000;50.687841
5;1;0;0;1;50.687841;76.701225
10;0;0;0;4;41.246925;59.762889
2;0;0;0;4;59.762889;83.030743
9;1;0;0;1;76.701225;82.788753
7;0;0;0;4;83.030743;88.521272
4;1;0;0;1;82.788753;87.741745
3;1;0;0;1;87.741745;92.435463
1;1;0;0;1;92.435463;94.202538
