name;type;setid;sres;nres;stime;etime
3;1;0;0;1;0.000000;3.962691
1;1;0;0;1;3.962691;5.205398
9;1;0;0;1;5.205398;9.772319
2;0;0;0;16;0.000000;10.781402
5;1;0;0;1;9.772319;30.754888
4;0;0;0;16;10.781402;13.234741
8;0;0;0;16;13.234741;43.540798
7;1;0;0;1;30.754888;32.300143
10;1;0;0;1;32.300143;43.008713
6;0;0;0;16;43.540798;65.358684
