name;type;setid;sres;nres;stime;etime
5;1;0;0;1;0.000000;0.387425
2;1;0;0;1;0.387425;4.628941
8;1;0;0;1;4.628941;6.133229
10;0;0;0;16;0.000000;6.834572
6;1;0;0;1;6.133229;14.984136
9;0;0;0;16;6.834572;13.492168
1;1;0;0;1;14.984136;17.590903
3;0;0;0;16;13.492168;36.080887
4;1;0;0;1;17.590903;35.720491
7;0;0;0;16;36.080887;43.501776
