name;type;setid;sres;nres;stime;etime
10;1;0;0;1;0.000000;23.514216
8;0;0;0;1;0.000000;43.238419
5;1;0;0;1;23.514216;41.780964
9;1;0;0;1;41.780964;52.150913
7;0;0;1;1;0.000000;45.159201
6;0;0;2;1;0.000000;22.066854
3;0;0;3;1;0.000000;28.640712
2;0;0;4;1;0.000000;12.181052
1;0;0;5;1;0.000000;29.944126
4;0;0;6;1;0.000000;29.416019
