name;type;setid;sres;nres;stime;etime
3;1;0;0;1;0.000000;3.962691
1;1;0;0;1;3.962691;5.205398
9;1;0;0;1;5.205398;9.772319
2;1;0;0;1;9.772319;13.870880
5;1;0;0;1;13.870880;34.853448
4;0;0;0;1;0.000000;25.124673
8;1;0;0;1;34.853448;65.353899
7;0;0;1;1;0.000000;21.624308
10;0;0;2;1;0.000000;59.498537
6;0;0;3;1;0.000000;94.912746
