name;type;setid;sres;nres;stime;etime
1;1;0;0;1;0.000000;3.911505
5;1;0;0;1;3.911505;7.414044
9;1;0;0;1;7.414044;21.570085
7;1;0;0;1;21.570085;47.198750
4;1;0;0;1;47.198750;68.208180
2;0;0;0;1;0.000000;43.491151
3;0;0;1;1;0.000000;61.556803
10;0;0;2;1;0.000000;15.560764
8;0;0;3;1;0.000000;69.471801
6;1;0;0;1;68.208180;106.182793
