name;type;setid;sres;nres;stime;etime
10;1;0;0;1;0.000000;20.523527
8;1;0;0;1;20.523527;40.566826
7;1;0;0;1;40.566826;50.200261
3;0;0;0;1;0.000000;43.491151
2;0;0;1;1;0.000000;33.895780
9;1;0;0;1;50.200261;56.462032
1;1;0;0;1;56.462032;62.631800
4;0;0;2;1;0.000000;61.556803
5;1;0;0;1;62.631800;64.740137
6;0;0;3;1;0.000000;28.151374
