name;type;setid;sres;nres;stime;etime
2;0;1;0;1;0.000000;12.181052
1;0;2;1;1;0.000000;29.944126
3;0;2;2;1;0.000000;28.640712
5;0;2;3;2;0.000000;31.563026
4;0;2;5;1;0.000000;29.416019
7;0;2;6;2;0.000000;24.844431
9;0;2;8;3;0.000000;29.000069
8;0;2;11;2;0.000000;31.355118
6;0;3;13;1;0.000000;22.066854
10;1;5;0;1;0.000000;23.514216
