name;type;setid;sres;nres;stime;etime
4;1;0;0;1;0.000000;1.788717
8;1;0;0;1;1.788717;4.485914
7;1;0;0;1;4.485914;7.301870
10;1;0;0;1;7.301870;19.640786
1;0;0;0;4;0.000000;11.104842
6;1;0;0;1;19.640786;41.574230
3;0;0;0;4;11.104842;24.131905
9;0;0;0;4;24.131905;60.305894
5;1;0;0;1;41.574230;58.910677
2;0;0;0;4;60.305894;98.251795
