name;type;setid;sres;nres;stime;etime
2;1;0;0;1;0.000000;3.491181
9;1;0;0;1;3.491181;13.799168
7;1;0;0;1;13.799168;18.081113
10;1;0;0;1;18.081113;29.881126
8;1;0;0;1;29.881126;51.568061
3;1;0;0;1;51.568061;62.065302
1;0;0;0;1;0.000000;51.966572
5;0;0;1;1;0.000000;38.935826
4;0;0;2;1;0.000000;68.668419
6;0;0;3;1;0.000000;74.703475
