name;type;setid;sres;nres;stime;etime
2;1;0;0;1;0.000000;2.004639
4;1;0;0;1;2.004639;4.018527
1;1;0;0;1;4.018527;6.126177
3;0;0;0;4;0.000000;11.008695
6;1;0;0;1;6.126177;18.469791
7;0;0;0;4;11.008695;25.695740
9;1;0;0;1;18.469791;38.628859
5;0;0;0;4;25.695740;48.072717
8;1;0;0;1;38.628859;62.617699
10;1;0;0;1;62.617699;93.167640
