name;type;setid;sres;nres;stime;etime
2;1;0;0;1;0.000000;2.904280
9;1;0;0;1;2.904280;11.403658
7;1;0;0;1;11.403658;14.062097
10;1;0;0;1;14.062097;23.712501
8;1;0;0;1;23.712501;41.869157
3;1;0;0;1;41.869157;47.130746
1;0;0;0;1;0.000000;51.966572
5;0;0;1;1;0.000000;38.935826
4;1;0;0;1;47.130746;55.098695
6;0;0;2;1;0.000000;74.703475
