name;type;setid;sres;nres;stime;etime
9;0;0;0;4;0.000000;41.112687
8;1;0;0;1;0.000000;33.655704
7;1;0;0;1;33.655704;51.541497
5;1;0;0;1;51.541497;69.382660
4;0;0;0;4;41.112687;59.840613
3;0;0;0;4;59.840613;82.217979
6;1;0;0;1;69.382660;78.347615
1;1;0;0;1;78.347615;85.617083
10;1;0;0;1;85.617083;88.488352
2;0;0;0;4;82.217979;88.785070
