name;type;setid;sres;nres;stime;etime
4;0;1;0;1;0.000000;44.208453
8;0;2;1;1;0.000000;78.645867
1;0;3;2;1;0.000000;64.564147
9;0;3;3;1;0.000000;55.868368
3;0;0;0;1;44.208453;78.000139
2;1;6;0;1;0.000000;29.601593
7;1;6;0;1;29.601593;43.728456
6;1;6;0;1;43.728456;55.130706
5;1;6;0;1;55.130706;58.722228
10;1;6;0;1;58.722228;61.988821
