name;type;setid;sres;nres;stime;etime
3;0;2;0;1;0.000000;36.436565
4;0;2;1;1;0.000000;34.963746
7;0;2;2;3;0.000000;37.941706
9;0;2;5;4;0.000000;41.112687
8;0;2;9;3;0.000000;37.807885
5;1;6;0;1;0.000000;12.161009
6;1;6;0;1;12.161009;19.376054
1;1;6;0;1;19.376054;25.053215
2;1;6;0;1;25.053215;27.220051
10;1;6;0;1;27.220051;29.323807
