name;type;setid;sres;nres;stime;etime
6;1;0;0;1;0.000000;41.794237
8;1;0;0;1;41.794237;59.950893
10;0;0;0;1;0.000000;68.004202
9;1;0;0;1;59.950893;68.450270
1;0;0;1;1;0.000000;51.966572
4;0;0;2;1;0.000000;68.668419
3;1;0;0;1;68.450270;73.711860
2;0;0;3;1;0.000000;28.704099
5;0;0;4;1;0.000000;38.935826
7;0;0;5;1;0.000000;36.178605
