name;type;setid;sres;nres;stime;etime
1;1;0;0;1;0.000000;1.901132
5;1;0;0;1;1.901132;3.778976
9;1;0;0;1;3.778976;15.014093
7;1;0;0;1;15.014093;32.176518
4;1;0;0;1;32.176518;42.500504
2;0;0;0;1;0.000000;43.491151
3;1;0;0;1;42.500504;55.562665
10;0;0;1;1;0.000000;15.560764
8;1;0;0;1;55.562665;65.676587
6;1;0;0;1;65.676587;89.012261
