name;type;setid;sres;nres;stime;etime
2;0;0;0;4;0.000000;37.945901
9;1;0;0;1;0.000000;32.440546
6;1;0;0;1;32.440546;54.373990
5;0;0;0;4;37.945901;57.097868
10;1;0;0;1;54.373990;66.712906
3;0;0;0;4;57.097868;70.124931
1;1;0;0;1;66.712906;72.335251
7;1;0;0;1;72.335251;75.151207
8;1;0;0;1;75.151207;77.848403
4;1;0;0;1;77.848403;79.637121
