name;type;setid;sres;nres;stime;etime
4;1;0;0;1;0.000000;0.564493
1;1;0;0;1;0.564493;1.407535
2;1;0;0;1;1.407535;2.768444
3;1;0;0;1;2.768444;5.999794
6;0;0;0;16;0.000000;5.329067
7;0;0;0;16;5.329067;12.398073
9;1;0;0;1;5.999794;16.369743
5;0;0;0;16;12.398073;27.885513
8;1;0;0;1;16.369743;36.152152
10;1;0;0;1;36.152152;59.666367
