name;type;setid;sres;nres;stime;etime
10;1;0;0;1;0.000000;20.523527
8;0;0;0;16;0.000000;27.921616
7;1;0;0;1;20.523527;30.156963
3;1;0;0;1;30.156963;38.124042
2;0;0;0;16;27.921616;42.271840
9;1;0;0;1;38.124042;44.385813
1;1;0;0;1;44.385813;50.555581
4;1;0;0;1;50.555581;53.652647
5;0;0;0;16;42.271840;53.404694
6;1;0;0;1;53.652647;54.331062
