name;type;setid;sres;nres;stime;etime
9;0;2;0;1;0.000000;70.182366
5;0;3;1;1;0.000000;49.935123
7;0;3;2;1;0.000000;45.159201
8;0;3;3;1;0.000000;43.238419
10;1;5;0;1;0.000000;30.549942
6;1;6;0;1;30.549942;42.893555
3;1;6;0;1;42.893555;48.282832
1;1;6;0;1;48.282832;50.390483
4;1;6;0;1;50.390483;52.404370
2;1;6;0;1;52.404370;54.409009
