name;type;setid;sres;nres;stime;etime
9;0;0;0;16;0.000000;27.537454
8;1;0;0;1;0.000000;17.294066
7;1;0;0;1;17.294066;29.549493
5;1;0;0;1;29.549493;41.710502
4;0;0;0;16;27.537454;42.206424
3;1;0;0;1;41.710502;53.142221
6;0;0;0;16;42.206424;57.318636
1;1;0;0;1;53.142221;58.819382
2;1;0;0;1;58.819382;60.986218
10;1;0;0;1;60.986218;63.089974
