name;type;setid;sres;nres;stime;etime
4;1;0;0;1;0.000000;3.097065
5;1;0;0;1;3.097065;5.205402
3;1;0;0;1;5.205402;13.172482
6;0;0;0;16;0.000000;1.936159
7;0;0;0;16;1.936159;22.109491
2;1;0;0;1;13.172482;20.306214
10;1;0;0;1;20.306214;40.829741
8;0;0;0;16;22.109491;50.031107
1;1;0;0;1;40.829741;46.999509
9;1;0;0;1;46.999509;53.261280
