name;type;setid;sres;nres;stime;etime
5;1;0;0;1;0.000000;0.387425
8;1;0;0;1;0.387425;1.891713
10;1;0;0;1;1.891713;4.422707
1;1;0;0;1;4.422707;7.029474
9;1;0;0;1;7.029474;10.251191
2;1;0;0;1;10.251191;14.492708
7;1;0;0;1;14.492708;24.493005
6;1;0;0;1;24.493005;33.343912
4;0;0;0;1;0.000000;35.595951
3;1;0;0;1;33.343912;58.364047
