name;type;setid;sres;nres;stime;etime
6;1;0;0;1;0.000000;23.335673
7;1;0;0;1;23.335673;40.498099
3;1;0;0;1;40.498099;53.560260
9;1;0;0;1;53.560260;64.795377
4;1;0;0;1;64.795377;75.119363
2;0;0;0;1;0.000000;43.491151
8;0;0;1;1;0.000000;69.471801
10;0;0;2;1;0.000000;15.560764
1;0;0;3;1;0.000000;33.895780
5;0;0;4;1;0.000000;28.151374
