name;type;setid;sres;nres;stime;etime
6;1;0;0;1;0.000000;0.678416
5;1;0;0;1;0.678416;2.786752
4;1;0;0;1;2.786752;5.883817
1;1;0;0;1;5.883817;12.053586
9;1;0;0;1;12.053586;18.315356
2;1;0;0;1;18.315356;25.449089
3;1;0;0;1;25.449089;33.416168
7;1;0;0;1;33.416168;43.049604
8;1;0;0;1;43.049604;63.092903
10;0;0;0;1;0.000000;66.620264
