name;type;setid;sres;nres;stime;etime
10;1;0;0;1;0.000000;30.549942
8;0;0;0;1;0.000000;43.238419
5;0;0;1;1;0.000000;49.935123
9;1;0;0;1;30.549942;50.709010
7;0;0;2;1;0.000000;45.159201
6;0;0;3;1;0.000000;22.066854
3;0;0;3;1;22.066854;50.707565
1;1;0;0;1;50.709010;52.816661
4;1;0;0;1;52.816661;54.830548
2;0;0;0;1;43.238419;55.419471
