name;type;sres;nres;stime;etime
10;1;0;1;0.0;30.5499417736944
4;1;0;1;30.5499417736944;32.56382918569667
1;1;0;1;32.56382918569667;34.67147983958715
2;1;0;1;34.67147983958715;36.67611927043163
3;1;0;1;36.67611927043163;42.065396014057555
9;1;0;1;42.065396014057555;62.224464524306356
8;0;0;1;0.0;31.3551179024639
8;0;3;1;0.0;31.3551179024639
5;0;1;2;0.0;31.5630255462046
7;0;0;1;31.3551179024639;56.1995484768753
7;0;3;1;31.3551179024639;56.1995484768753
6;0;2;1;31.5630255462046;53.629879079237895
