name;type;setid;sres;nres;stime;etime
2;0;0;0;16;0.000000;26.763258
9;1;0;0;1;0.000000;26.653792
6;1;0;0;1;26.653792;44.797283
10;0;0;0;16;26.763258;48.805873
5;1;0;0;1;44.797283;51.941784
3;0;0;0;16;48.805873;53.928499
1;1;0;0;1;51.941784;55.789699
8;1;0;0;1;55.789699;57.555683
7;0;0;0;16;53.928499;59.025606
4;1;0;0;1;57.555683;58.531564
