name;type;setid;sres;nres;stime;etime
10;1;0;0;1;0.000000;3.266593
5;1;0;0;1;3.266593;6.858115
3;0;0;0;4;0.000000;15.010635
6;1;0;0;1;6.858115;18.260365
7;1;0;0;1;18.260365;32.387228
9;0;0;0;4;15.010635;31.845780
4;0;0;0;4;31.845780;54.511333
8;1;0;0;1;32.387228;64.043324
2;0;0;0;4;54.511333;88.563120
1;1;0;0;1;64.043324;101.762974
