name;type;setid;sres;nres;stime;etime
10;1;0;0;1;0.000000;3.266593
5;1;0;0;1;3.266593;6.858115
3;1;0;0;1;6.858115;17.828599
6;1;0;0;1;17.828599;29.230849
7;1;0;0;1;29.230849;43.357713
9;0;0;0;1;0.000000;55.868368
4;0;0;1;1;0.000000;44.208453
8;1;0;0;1;43.357713;75.013809
2;0;0;2;1;0.000000;94.387778
1;0;0;3;1;0.000000;64.564147
