name;type;setid;sres;nres;stime;etime
4;1;0;0;1;0.000000;0.975881
8;1;0;0;1;0.975881;2.741865
7;1;0;0;1;2.741865;4.466787
10;1;0;0;1;4.466787;13.242744
1;1;0;0;1;13.242744;17.090659
6;1;0;0;1;17.090659;35.234149
3;1;0;0;1;35.234149;39.165863
9;0;0;0;1;0.000000;61.984893
5;1;0;0;1;39.165863;46.310364
2;1;0;0;1;46.310364;74.634056
