name;type;setid;sres;nres;stime;etime
9;0;1;0;1;0.000000;24.926994
10;0;2;1;1;0.000000;51.319330
8;0;2;2;2;0.000000;59.878202
7;1;6;0;1;0.000000;16.037069
6;1;6;0;1;16.037069;25.858638
5;1;6;0;1;25.858638;32.208348
2;1;6;0;1;32.208348;37.993681
1;1;6;0;1;37.993681;42.133675
4;1;6;0;1;42.133675;46.020597
3;1;6;0;1;46.020597;48.476116
