name;type;setid;sres;nres;stime;etime
1;0;2;0;3;0.000000;35.371958
3;0;2;3;1;0.000000;33.791686
2;0;2;4;4;0.000000;34.051788
4;0;2;8;2;0.000000;29.846520
8;0;2;10;3;0.000000;29.522849
9;1;6;0;1;0.000000;8.783294
7;1;6;0;1;8.783294;16.434193
6;1;6;0;1;16.434193;22.949829
5;1;6;0;1;22.949829;24.392776
10;1;6;0;1;24.392776;25.475935
