name;type;setid;sres;nres;stime;etime
1;1;0;0;1;0.000000;5.677161
10;1;0;0;1;5.677161;7.780917
2;1;0;0;1;7.780917;9.947753
6;1;0;0;1;9.947753;17.162799
5;1;0;0;1;17.162799;29.323807
7;1;0;0;1;29.323807;41.579235
3;0;0;0;1;0.000000;36.436565
4;0;0;1;1;0.000000;34.963746
8;1;0;0;1;41.579235;58.873301
9;0;0;2;1;0.000000;95.413620
