name;type;setid;sres;nres;stime;etime
1;1;0;0;1;0.000000;5.677161
10;0;0;0;16;0.000000;5.871858
2;1;0;0;1;5.677161;7.843997
6;1;0;0;1;7.843997;15.059043
5;1;0;0;1;15.059043;27.220051
7;0;0;0;16;5.871858;28.678792
3;1;0;0;1;27.220051;38.651770
4;0;0;0;16;28.678792;43.347762
8;1;0;0;1;38.651770;55.945836
9;0;0;0;16;43.347762;70.885216
