name;type;setid;sres;nres;stime;etime
6;0;0;0;4;0.000000;35.741975
7;1;0;0;1;0.000000;25.628665
8;1;0;0;1;25.628665;47.223983
3;0;0;0;4;35.741975;59.903832
4;1;0;0;1;47.223983;68.233412
2;0;0;0;4;59.903832;78.893687
9;1;0;0;1;68.233412;82.389454
10;0;0;0;4;78.893687;86.559660
1;1;0;0;1;82.389454;86.300959
5;1;0;0;1;86.300959;89.803498
