name;type;setid;sres;nres;stime;etime
1;1;0;0;1;0.000000;1.767075
3;1;0;0;1;1.767075;6.460793
4;0;0;0;4;0.000000;6.987606
7;1;0;0;1;6.460793;12.283563
9;1;0;0;1;12.283563;18.371091
2;1;0;0;1;18.371091;27.216389
10;0;0;0;4;6.987606;25.503570
5;1;0;0;1;27.216389;53.229773
6;0;0;0;4;25.503570;61.940428
8;1;0;0;1;53.229773;94.741269
