name;type;sres;nres;stime;etime
8;1;0;1;0.0;21.6869356589977
7;1;0;1;21.6869356589977;25.9688811433785
2;1;0;1;25.9688811433785;29.46006170849486
5;1;0;1;29.46006170849486;36.62754234729995
9;1;0;1;36.62754234729995;46.93552955132585
3;1;0;1;46.93552955132585;57.43276998523295
10;0;0;1;0.0;48.8939359963798
10;0;3;1;0.0;48.8939359963798
4;0;1;2;0.0;38.0246863394779
6;0;1;2;38.0246863394779;90.6414369792095
1;0;0;1;48.8939359963798;100.8605077204221
