name;type;setid;sres;nres;stime;etime
10;1;0;0;1;0.000000;2.103756
2;1;0;0;1;2.103756;4.270592
1;1;0;0;1;4.270592;9.947753
6;1;0;0;1;9.947753;17.162799
3;1;0;0;1;17.162799;28.594517
4;0;0;0;1;0.000000;34.963746
5;1;0;0;1;28.594517;40.755526
7;1;0;0;1;40.755526;53.010953
8;1;0;0;1;53.010953;70.305019
9;0;0;1;1;0.000000;95.413620
