name;type;setid;sres;nres;stime;etime
1;1;0;0;1;0.000000;1.901132
5;1;0;0;1;1.901132;3.778976
9;1;0;0;1;3.778976;15.014093
7;0;0;0;16;0.000000;27.411123
4;1;0;0;1;15.014093;25.338078
2;1;0;0;1;25.338078;35.473922
3;0;0;0;16;27.411123;42.224244
10;1;0;0;1;35.473922;40.546127
8;1;0;0;1;40.546127;50.660049
6;0;0;0;16;42.224244;64.187944
