name;type;setid;sres;nres;stime;etime
2;1;0;0;1;0.000000;2.583676
10;1;0;0;1;2.583676;5.454945
1;1;0;0;1;5.454945;12.724413
6;0;0;0;4;0.000000;18.777470
3;1;0;0;1;12.724413;26.286287
4;0;0;0;4;18.777470;37.505395
5;1;0;0;1;26.286287;44.127450
7;1;0;0;1;44.127450;62.013243
8;0;0;0;4;37.505395;68.595729
9;0;0;0;4;68.595729;109.708416
