name;type;setid;sres;nres;stime;etime
5;1;0;0;1;0.000000;0.789527
10;1;0;0;1;0.789527;4.291225
8;1;0;0;1;4.291225;8.825447
1;1;0;0;1;8.825447;13.646155
2;1;0;0;1;13.646155;19.652650
9;1;0;0;1;19.652650;31.529439
6;1;0;0;1;31.529439;44.768181
7;0;0;0;1;0.000000;57.516399
4;0;0;1;1;0.000000;35.595951
3;1;0;0;1;44.768181;85.279770
