name;type;sres;nres;stime;etime
1;1;0;1;0.0;4.13999400485258
3;1;0;1;4.13999400485258;6.595512609615801
5;1;0;1;6.595512609615801;12.94522220903221
9;1;0;1;12.94522220903221;18.55081558997893
4;1;0;1;18.55081558997893;22.43773817884605
2;1;0;1;22.43773817884605;28.22307075100705
6;1;0;1;28.22307075100705;38.04463971840486
7;1;0;1;38.04463971840486;54.081709170572964
8;0;0;4;0.0;41.0744908366388
10;0;0;2;41.0744908366388;70.8337352132271
