name;type;setid;sres;nres;stime;etime
1;1;0;0;1;0.000000;1.883070
3;1;0;0;1;1.883070;3.618672
5;1;0;0;1;3.618672;8.970987
6;1;0;0;1;8.970987;14.210322
9;1;0;0;1;14.210322;18.597329
2;1;0;0;1;18.597329;20.773885
4;0;0;0;1;0.000000;16.277381
7;1;0;0;1;20.773885;31.641045
8;1;0;0;1;31.641045;56.451649
10;0;0;1;1;0.000000;51.319330
