name;type;setid;sres;nres;stime;etime
5;1;0;0;1;0.000000;3.502539
1;1;0;0;1;3.502539;7.414044
10;1;0;0;1;7.414044;14.244948
9;1;0;0;1;14.244948;28.400989
2;1;0;0;1;28.400989;43.362919
4;1;0;0;1;43.362919;64.372349
3;0;0;0;1;0.000000;61.556803
8;0;0;1;1;0.000000;69.471801
7;1;0;0;1;64.372349;90.001013
6;0;0;2;1;0.000000;90.855072
