name;type;setid;sres;nres;stime;etime
10;0;2;0;2;0.000000;48.893936
5;0;2;2;1;0.000000;38.935826
4;0;2;3;2;0.000000;38.024686
7;0;2;5;1;0.000000;36.178605
6;0;2;6;3;0.000000;45.254509
1;0;3;9;2;0.000000;31.921050
2;0;3;11;1;0.000000;28.704099
8;1;5;0;1;0.000000;18.156655
9;1;6;0;1;18.156655;26.656033
3;1;6;0;1;26.656033;31.917622
