name;type;setid;sres;nres;stime;etime
2;1;0;0;1;0.000000;3.491181
9;1;0;0;1;3.491181;13.799168
7;0;0;0;4;0.000000;14.375949
10;1;0;0;1;13.799168;25.599180
8;1;0;0;1;25.599180;47.286116
3;0;0;0;4;14.375949;41.744105
1;1;0;0;1;47.286116;59.471889
5;0;0;0;4;41.744105;52.905278
4;1;0;0;1;59.471889;75.606768
6;0;0;0;4;52.905278;94.478666
