name;type;setid;sres;nres;stime;etime
4;1;0;0;1;0.000000;1.788717
8;1;0;0;1;1.788717;4.485914
7;1;0;0;1;4.485914;7.301870
1;0;0;0;4;0.000000;11.104842
3;1;0;0;1;7.301870;17.300391
10;1;0;0;1;17.300391;29.639307
5;0;0;0;4;11.104842;30.256809
6;1;0;0;1;29.639307;51.572752
9;0;0;0;4;30.256809;66.430798
2;1;0;0;1;51.572752;91.731093
