name;type;setid;sres;nres;stime;etime
2;1;0;0;1;0.000000;2.004639
4;1;0;0;1;2.004639;4.018527
1;1;0;0;1;4.018527;6.126177
3;1;0;0;1;6.126177;11.515454
6;0;0;0;1;0.000000;22.066854
7;1;0;0;1;11.515454;32.992851
9;1;0;0;1;32.992851;53.151919
5;0;0;1;1;0.000000;49.935123
8;0;0;2;1;0.000000;43.238419
10;1;0;0;1;53.151919;83.701861
