name;type;setid;sres;nres;stime;etime
4;1;0;0;1;0.000000;0.975881
7;1;0;0;1;0.975881;2.700803
8;1;0;0;1;2.700803;4.466787
1;1;0;0;1;4.466787;8.314702
3;1;0;0;1;8.314702;12.246415
5;1;0;0;1;12.246415;19.390917
10;1;0;0;1;19.390917;28.166874
6;1;0;0;1;28.166874;46.310364
9;0;0;0;1;0.000000;61.984893
2;1;0;0;1;46.310364;74.634056
