name;type;setid;sres;nres;stime;etime
4;0;1;0;1;0.000000;34.963746
6;0;1;0;1;34.963746;68.402246
9;0;2;1;1;0.000000;95.413620
8;0;2;2;1;0.000000;91.548294
7;1;6;0;1;0.000000;17.885793
5;1;6;0;1;17.885793;35.726956
3;1;6;0;1;35.726956;49.288830
1;1;6;0;1;49.288830;56.558298
10;1;6;0;1;56.558298;59.429567
2;1;6;0;1;59.429567;62.013243
