name;type;setid;sres;nres;stime;etime
5;1;0;0;1;0.000000;1.877844
1;1;0;0;1;1.877844;3.778976
10;1;0;0;1;3.778976;8.851181
8;1;0;0;1;8.851181;18.965103
2;1;0;0;1;18.965103;29.100947
4;1;0;0;1;29.100947;39.424932
9;1;0;0;1;39.424932;50.660049
3;0;0;0;1;0.000000;61.556803
7;1;0;0;1;50.660049;67.822475
6;0;0;1;1;0.000000;90.855072
