name;type;setid;sres;nres;stime;etime
2;1;0;0;1;0.000000;2.904280
9;1;0;0;1;2.904280;11.403658
7;0;0;0;16;0.000000;8.925285
10;1;0;0;1;11.403658;21.054062
8;1;0;0;1;21.054062;39.210717
3;0;0;0;16;8.925285;22.643177
1;0;0;0;16;22.643177;37.024395
5;0;0;0;16;37.024395;41.241904
4;1;0;0;1;39.210717;47.178666
6;0;0;0;16;41.241904;74.532771
