name;type;setid;sres;nres;stime;etime
1;1;0;0;1;0.000000;4.139994
3;1;0;0;1;4.139994;6.595513
5;1;0;0;1;6.595513;12.945222
6;1;0;0;1;12.945222;22.766791
9;0;0;0;1;0.000000;24.926994
2;1;0;0;1;22.766791;28.552124
4;0;0;1;1;0.000000;16.277381
7;0;0;2;1;0.000000;40.605612
8;1;0;0;1;28.552124;66.335528
10;0;0;3;1;0.000000;51.319330
