name;type;setid;sres;nres;stime;etime
6;0;0;0;16;0.000000;33.290867
8;1;0;0;1;0.000000;18.156655
10;1;0;0;1;18.156655;27.807060
9;1;0;0;1;27.807060;36.306437
1;1;0;0;1;36.306437;44.309175
4;0;0;0;16;33.290867;44.502287
3;1;0;0;1;44.309175;49.570765
2;1;0;0;1;49.570765;52.475045
5;0;0;0;16;44.502287;48.719796
7;1;0;0;1;52.475045;55.133484
