name;type;setid;sres;nres;stime;etime
3;1;0;0;1;0.000000;4.693718
1;1;0;0;1;4.693718;6.460793
9;1;0;0;1;6.460793;12.548320
2;1;0;0;1;12.548320;21.393618
5;1;0;0;1;21.393618;47.407002
4;0;0;0;1;0.000000;25.124673
8;0;0;1;1;0.000000;85.010393
7;0;0;2;1;0.000000;21.624308
10;0;0;3;1;0.000000;59.498537
6;1;0;0;1;47.407002;98.094843
