name;type;setid;sres;nres;stime;etime
10;1;0;0;1;0.000000;23.514216
8;0;0;0;16;0.000000;20.957229
5;0;0;0;16;20.957229;36.444669
9;1;0;0;1;23.514216;33.884164
7;0;0;0;16;36.444669;43.513676
6;1;0;0;1;33.884164;41.465447
3;1;0;0;1;41.465447;44.696797
2;1;0;0;1;44.696797;46.057706
1;1;0;0;1;46.057706;46.900748
4;0;0;0;16;43.513676;45.639414
