name;type;setid;sres;nres;stime;etime
5;1;0;0;1;0.000000;0.387425
2;1;0;0;1;0.387425;4.628941
8;1;0;0;1;4.628941;6.133229
10;1;0;0;1;6.133229;8.664224
6;1;0;0;1;8.664224;17.515130
9;1;0;0;1;17.515130;20.736847
1;1;0;0;1;20.736847;23.343614
3;1;0;0;1;23.343614;48.363749
4;0;0;0;1;0.000000;35.595951
7;0;0;1;1;0.000000;57.516399
