name;type;setid;sres;nres;stime;etime
3;0;2;0;5;0.000000;32.845134
4;0;2;5;2;0.000000;25.292520
7;0;2;7;2;0.000000;30.798794
10;0;3;9;1;0.000000;19.940772
6;1;6;0;1;0.000000;8.850906
2;1;6;0;1;8.850906;13.092423
9;1;6;0;1;13.092423;16.314140
1;1;6;0;1;16.314140;18.920907
8;1;6;0;1;18.920907;20.425195
5;1;6;0;1;20.425195;20.812620
