name;type;setid;sres;nres;stime;etime
1;1;0;0;1;0.000000;1.242707
7;0;0;0;16;0.000000;1.457085
4;1;0;0;1;1.242707;2.981696
3;1;0;0;1;2.981696;6.944387
2;1;0;0;1;6.944387;11.042948
9;1;0;0;1;11.042948;15.609869
10;0;0;0;16;1.457085;9.727406
5;1;0;0;1;15.609869;36.592437
6;0;0;0;16;9.727406;31.545292
8;0;0;0;16;31.545292;61.851349
