name;type;setid;sres;nres;stime;etime
8;1;0;0;1;0.000000;37.783405
10;0;0;0;1;0.000000;51.319330
7;0;0;1;1;0.000000;40.605612
6;1;0;0;1;37.783405;47.604974
5;0;0;2;1;0.000000;31.937445
2;0;0;3;1;0.000000;45.797091
9;1;0;0;1;47.604974;53.210567
1;1;0;0;1;53.210567;57.350561
4;0;0;2;1;31.937445;48.214826
3;1;0;0;1;57.350561;59.806080
