name;type;setid;sres;nres;stime;etime
5;0;1;0;1;0.000000;38.935826
4;0;2;1;1;0.000000;68.668419
6;0;2;2;1;0.000000;74.703475
1;0;3;3;1;0.000000;51.966572
8;1;6;0;1;0.000000;21.686936
10;1;6;0;1;21.686936;33.486948
3;1;6;0;1;33.486948;43.984189
9;1;6;0;1;43.984189;54.292176
7;1;6;0;1;54.292176;58.574121
2;1;6;0;1;58.574121;62.065302
